{
  "$schema": "https://titan.apimatic.io/api/build/schema",
  "buildFileVersion": "1",
  "generatePortal": {
    "contentFolder": "./",
    "apiSpecPath": "./spec",
    "apiSpecs": [],
    "apiMergeSettings": {
      "type": "Full"
    },
    "languageConfig": {
      "http": {},
      "csharp": {},
      "java": {},
      "php": {},
      "python": {},
      "ruby": {},
      "typescript": {}
    },
    "portalSettings": {
      "container": "apimatic-widget",
      "portalStyle": "default",
      "apiKey": "xxx",
      "baseUrl": "./",
      "enableExport": true,
      "enableAnalytics": true,
      "enableConsoleCalls": true,
      "useProxyForConsoleCalls": true,
      "languageSettings": {
        "http_curl_v1": {
          "sdkDownloadLink": "",
          "disableSdkDownload": false
        },
        "cs_net_standard_lib": {
          "sdkDownloadLink": "",
          "disableSdkDownload": false
        },
        "java_eclipse_jre_lib": {
          "sdkDownloadLink": "",
          "disableSdkDownload": false
        },
        "php_generic_lib_v2": {
          "sdkDownloadLink": "",
          "disableSdkDownload": false
        },
        "python_generic_lib": {
          "sdkDownloadLink": "",
          "disableSdkDownload": false
        },
        "ruby_generic_lib": {
          "sdkDownloadLink": "",
          "disableSdkDownload": false
        },
        "ts_generic_lib": {
          "sdkDownloadLink": "",
          "disableSdkDownload": false
        }
      },
      "allowedExportFormats": [
        "postman10",
        "postman20",
        "openapi31json",
        "openapi31yaml",
        "openapi3json",
        "openapi3yaml",
        "swagger20",
        "swaggeryaml",
        "swagger10",
        "raml",
        "raml10",
        "apiblueprint",
        "wadl2009",
        "apimatic",
        "wsdl",
        "insomnia",
        "insomniayaml"
      ],
      "themeOverrides": {
        "palette": {
          "primaryColor": "#0c7ff2",
          "linkColor": "#00C7D4"
        },
        "fontSource": [],
        "cssStyles": {
          "headings": {
            "fontFamily": "'Rubik', sans-serif",
            "h1": {
              "fontFamily": "'Rubik', sans-serif",
              "fontSize": "27px",
              "fontWeight": "500",
              "fontStyle": "normal",
              "lineHeight": "1.3"
            },
            "h2": {
              "fontFamily": "'Rubik', sans-serif",
              "fontSize": "24px",
              "fontWeight": "500",
              "fontStyle": "normal",
              "lineHeight": "1.3"
            },
            "h3": {
              "fontFamily": "'Rubik', sans-serif",
              "fontSize": "21.36px",
              "fontWeight": "500",
              "fontStyle": "normal",
              "lineHeight": "1.3"
            },
            "h4": {
              "fontFamily": "'Rubik', sans-serif",
              "fontSize": "19px",
              "fontWeight": "500",
              "fontStyle": "normal",
              "lineHeight": "1.3"
            },
            "h5": {
              "fontFamily": "'Rubik', sans-serif",
              "fontSize": "16.68px",
              "fontWeight": "500",
              "fontStyle": "normal",
              "lineHeight": "1.3"
            },
            "h6": {
              "fontFamily": "'Rubik', sans-serif",
              "fontSize": "15px",
              "fontWeight": "500",
              "fontStyle": "normal",
              "lineHeight": "1.3"
            }
          },
          "body": {
            "fontFamily": "'Rubik', sans-serif",
            "text1": {
              "fontFamily": "'Rubik', sans-serif",
              "fontSize": "15px",
              "fontWeight": "400",
              "fontStyle": "normal",
              "lineHeight": "1.75"
            },
            "text2": {
              "fontFamily": "'Rubik', sans-serif",
              "fontSize": "13.33px",
              "fontWeight": "400",
              "fontStyle": "normal",
              "lineHeight": "1.75"
            },
            "text3": {
              "fontFamily": "'Rubik', sans-serif",
              "fontSize": "11.85px",
              "fontWeight": "400",
              "fontStyle": "normal",
              "lineHeight": "1.75"
            }
          },
          "code": {
            "fontFamily": "'SFMono-400', Consolas, 'Liberation Mono', Menlo, Courier",
            "inlineCode": {
              "fontFamily": "'SFMono-400', Consolas, 'Liberation Mono', Menlo, Courier",
              "fontSize": "15px",
              "fontWeight": "400",
              "fontStyle": "normal",
              "lineHeight": "1.75"
            },
            "blockCode": {
              "fontFamily": "'SFMono-400', Consolas, 'Liberation Mono', Menlo, Courier",
              "fontSize": "15px",
              "fontWeight": "400",
              "fontStyle": "normal",
              "lineHeight": "1.75"
            }
          }
        }
      },
      "codegenApiRoutes": {
        "docsgen": "/static/docs/{template}.json",
        "codegen": "/static/sdks/{template}.zip",
        "transform": "/static/exports/{format}.{ext}"
      },
      "renameHttpToRest": false
    },
    "pageTitle": "WhatsApp Cloud API",
    "navTitle": "WhatsApp Cloud API",
    "logoUrl": "https://apimaticio.blob.core.windows.net/images/draft-logos/meta%20logo-6f6dcd16-8900-4c43-96fa-0c2336f2d84e.png",
    "logoLink": "",
    "whiteLabel": false,
    "useHostedPortalScript": true,
    "debug": {
      "publishReport": false,
      "dumpImportedApi": false,
      "reportPath": "./apimatic-debug/apimatic-report.html",
      "importedApiDumpPath": "./apimatic-debug/imported-api-dump.json"
    }
  }
}